{"Algorithm": "svm", "_timestamp": 1709921852.1799932, "_runtime": 34.129903078079224, "_step": 4, "Best F1 Score": 0.7957834085404196, "Best Parameters": {"classifier__C": 10, "classifier__kernel": "rbf"}, "Test Accuracy": 0.7832167832167832, "Test F1 Score": 0.7304347826086958, "_wandb": {"runtime": 30}}